hashtag,2015-02-22T22:54:59.999Z,#eredcarpet,323,#skycinemaoscar,262,#academyawards,74,#myredcarpet,69,#alfombrarojae,61,#boyhood,43,#birdman,40,#oscar2015,29,#oscar,27,#patriciaarquette,27
hashtag,2015-02-22T22:59:59.999Z,#eredcarpet,598,#skycinemaoscar,497,#academyawards,143,#alfombrarojae,120,#myredcarpet,111,#boyhood,72,#birdman,71,#oscar2015,65,#oscar,58,#oscarsredcarpet,57
hashtag,2015-02-22T23:04:59.999Z,#eredcarpet,864,#skycinemaoscar,719,#academyawards,228,#alfombrarojae,155,#myredcarpet,135,#birdman,129,#boyhood,114,#oscar2015,96,#oscar,90,#askhermore,90
hashtag,2015-02-22T23:09:59.999Z,#eredcarpet,1270,#skycinemaoscar,1023,#academyawards,321,#alfombrarojae,235,#myredcarpet,180,#birdman,159,#oscarsredcarpet,146,#boyhood,142,#oscar2015,139,#oscar,133
hashtag,2015-02-22T23:14:59.999Z,#eredcarpet,1549,#skycinemaoscar,1268,#academyawards,380,#alfombrarojae,304,#myredcarpet,208,#birdman,193,#oscarsredcarpet,192,#oscar2015,175,#oscar,171,#boyhood,160
hashtag,2015-02-22T23:19:59.999Z,#eredcarpet,1864,#skycinemaoscar,1497,#academyawards,491,#alfombrarojae,374,#oscarsredcarpet,251,#myredcarpet,226,#birdman,223,#oscar2015,210,#oscar,200,#boyhood,188
hashtag,2015-02-22T23:24:59.999Z,#eredcarpet,1829,#skycinemaoscar,1395,#academyawards,498,#alfombrarojae,381,#oscarsredcarpet,292,#oscar2015,230,#birdman,213,#oscar,198,#boyhood,196,#myredcarpet,182
hashtag,2015-02-22T23:29:59.999Z,#eredcarpet,1989,#skycinemaoscar,1349,#academyawards,508,#alfombrarojae,392,#oscarsredcarpet,351,#oscar2015,229,#boyhood,222,#birdman,216,#oscar,208,#clchat,170
hashtag,2015-02-22T23:34:59.999Z,#eredcarpet,2035,#skycinemaoscar,1297,#academyawards,509,#alfombrarojae,411,#oscarsredcarpet,378,#oscarsentnt,294,#boyhood,246,#oscar2015,227,#birdman,214,#oscar,213
hashtag,2015-02-22T23:39:59.999Z,#eredcarpet,1991,#skycinemaoscar,1176,#academyawards,497,#oscarsredcarpet,402,#alfombrarojae,387,#oscarsentnt,385,#boyhood,297,#birdman,231,#oscar2015,218,#clchat,194
hashtag,2015-02-22T23:44:59.999Z,#eredcarpet,2171,#skycinemaoscar,1105,#academyawards,510,#oscarsredcarpet,476,#oscarsentnt,445,#alfombrarojae,398,#boyhood,320,#dakotajohnson,303,#oscar2015,231,#birdman,227
hashtag,2015-02-22T23:49:59.999Z,#eredcarpet,2306,#skycinemaoscar,998,#oscarsredcarpet,520,#oscarsentnt,509,#academyawards,476,#dakotajohnson,441,#alfombrarojae,405,#boyhood,320,#birdman,233,#oscar2015,232
hashtag,2015-02-22T23:54:59.999Z,#eredcarpet,2325,#skycinemaoscar,986,#oscarsentnt,580,#oscarsredcarpet,561,#dakotajohnson,529,#academyawards,482,#alfombrarojae,393,#boyhood,311,#birdman,257,#myredcarpet,236
hashtag,2015-02-22T23:59:59.999Z,#eredcarpet,2289,#skycinemaoscar,889,#oscarsentnt,610,#oscarsredcarpet,573,#dakotajohnson,566,#academyawards,497,#alfombrarojae,414,#boyhood,295,#birdman,287,#myredcarpet,235
hashtag,2015-02-23T00:04:59.999Z,#eredcarpet,2393,#skycinemaoscar,789,#oscarsredcarpet,658,#dakotajohnson,581,#oscarsentnt,529,#academyawards,506,#alfombrarojae,422,#birdman,271,#boyhood,248,#oscar2015,234
hashtag,2015-02-23T00:09:59.999Z,#eredcarpet,2489,#oscarsredcarpet,763,#skycinemaoscar,691,#dakotajohnson,545,#academyawards,504,#oscarsentnt,487,#alfombrarojae,434,#birdman,270,#marioncotillard,243,#oscar2015,237
hashtag,2015-02-23T00:14:59.999Z,#eredcarpet,2327,#oscarsredcarpet,825,#skycinemaoscar,618,#academyawards,495,#oscarsentnt,482,#dakotajohnson,403,#alfombrarojae,399,#birdman,290,#marioncotillard,253,#oscar2015,217
hashtag,2015-02-23T00:19:59.999Z,#eredcarpet,2200,#oscarsredcarpet,920,#skycinemaoscar,573,#academyawards,497,#oscarsentnt,446,#alfombrarojae,383,#dakotajohnson,308,#birdman,287,#oscar2015,227,#eddieredmayne,224
hashtag,2015-02-23T00:24:59.999Z,#eredcarpet,2164,#oscarsredcarpet,998,#skycinemaoscar,521,#academyawards,488,#oscarsentnt,395,#alfombrarojae,362,#birdman,272,#dakotajohnson,245,#eddieredmayne,230,#oscar2015,228
hashtag,2015-02-23T00:29:59.999Z,#eredcarpet,1945,#oscarsredcarpet,1047,#skycinemaoscar,513,#academyawards,437,#oscarsentnt,377,#alfombrarojae,305,#askhermore,259,#rosamundpike,239,#birdman,238,#oscar2015,230
hashtag,2015-02-23T00:34:59.999Z,#eredcarpet,1781,#oscarsredcarpet,1107,#skycinemaoscar,551,#academyawards,417,#oscarsentnt,403,#alfombrarojae,285,#askhermore,279,#oscar2015,264,#rosamundpike,255,#birdman,226
hashtag,2015-02-23T00:39:59.999Z,#eredcarpet,1511,#oscarsredcarpet,1171,#skycinemaoscar,555,#oscarsentnt,425,#academyawards,414,#askhermore,300,#oscar2015,276,#dakotajohnson,264,#alfombrarojae,249,#rosamundpike,243
hashtag,2015-02-23T00:44:59.999Z,#eredcarpet,1410,#oscarsredcarpet,1237,#skycinemaoscar,579,#oscarsentnt,444,#academyawards,407,#askhermore,311,#dakotajohnson,304,#oscar2015,303,#alfombrarojae,236,#oscarnatnt,213
hashtag,2015-02-23T00:49:59.999Z,#oscarsredcarpet,1244,#eredcarpet,1228,#skycinemaoscar,583,#oscarsentnt,490,#academyawards,376,#askhermore,314,#dakotajohnson,305,#oscar2015,304,#oscarnatnt,244,#benedictcumberbatch,221
hashtag,2015-02-23T00:54:59.999Z,#oscarsredcarpet,1288,#eredcarpet,1129,#skycinemaoscar,564,#oscarsentnt,507,#academyawards,345,#oscar2015,313,#dakotajohnson,300,#askhermore,283,#oscarnatnt,264,#benedictcumberbatch,248
hashtag,2015-02-23T00:59:59.999Z,#oscarsredcarpet,1461,#eredcarpet,1116,#skycinemaoscar,592,#oscarsentnt,544,#askhermore,388,#academyawards,375,#oscar2015,321,#dakotajohnson,308,#oscarnatnt,307,#benedictcumberbatch,260
hashtag,2015-02-23T01:04:59.999Z,#oscarsredcarpet,1469,#eredcarpet,999,#skycinemaoscar,534,#oscarsentnt,493,#askhermore,399,#academyawards,371,#oscarnatnt,310,#oscar2015,306,#dakotajohnson,295,#benedictcumberbatch,265
hashtag,2015-02-23T01:09:59.999Z,#oscarsredcarpet,1459,#eredcarpet,928,#skycinemaoscar,506,#oscarsentnt,486,#askhermore,392,#academyawards,349,#oscarnatnt,316,#oscar2015,304,#benedictcumberbatch,273,#redcarpetoscar,199
hashtag,2015-02-23T01:14:59.999Z,#oscarsredcarpet,1427,#eredcarpet,815,#oscarsentnt,442,#skycinemaoscar,436,#askhermore,383,#academyawards,330,#oscarnatnt,306,#oscar2015,283,#jlo,211,#redcarpetoscar,202
hashtag,2015-02-23T01:19:59.999Z,#oscarsredcarpet,1509,#eredcarpet,794,#skycinemaoscar,432,#oscarsentnt,428,#askhermore,392,#academyawards,335,#oscarnatnt,319,#oscar2015,277,#emmastone,242,#jlo,221
hashtag,2015-02-23T01:24:59.999Z,#oscarsredcarpet,1532,#eredcarpet,705,#skycinemaoscar,422,#oscarsentnt,404,#askhermore,355,#oscarnatnt,339,#academyawards,329,#emmastone,264,#oscar2015,257,#ladygaga,249
hashtag,2015-02-23T01:29:59.999Z,#oscarsredcarpet,1397,#eredcarpet,603,#oscarsentnt,374,#skycinemaoscar,357,#academyawards,328,#oscarnatnt,304,#ladygaga,281,#emmastone,277,#oscar2015,248,#askhermore,203
hashtag,2015-02-23T01:34:59.999Z,#oscarsredcarpet,1280,#eredcarpet,495,#oscarsentnt,404,#skycinemaoscar,357,#academyawards,351,#oscarnatnt,343,#ladygaga,294,#oscar2015,254,#emmastone,229,#neilpatrickharris,182
hashtag,2015-02-23T01:39:59.999Z,#oscarsredcarpet,1091,#oscarsentnt,412,#academyawards,384,#eredcarpet,382,#oscarnatnt,365,#skycinemaoscar,336,#neilpatrickharris,331,#ladygaga,284,#oscar2015,255,#emmastone,159
hashtag,2015-02-23T01:44:59.999Z,#oscarsredcarpet,920,#oscarsentnt,445,#academyawards,437,#oscarnatnt,405,#neilpatrickharris,373,#jksimmons,316,#whiplash,314,#skycinemaoscar,308,#eredcarpet,307,#oscar2015,275
hashtag,2015-02-23T01:49:59.999Z,#oscarsredcarpet,680,#jksimmons,497,#oscarsentnt,458,#academyawards,447,#whiplash,428,#neilpatrickharris,423,#oscarnatnt,394,#oscar2015,263,#skycinemaoscar,258,#eredcarpet,198
hashtag,2015-02-23T01:54:59.999Z,#jksimmons,535,#oscarsentnt,530,#academyawards,467,#whiplash,459,#oscarsredcarpet,457,#neilpatrickharris,442,#oscarnatnt,422,#oscar2015,275,#skycinemaoscar,218,#nph,203
hashtag,2015-02-23T01:59:59.999Z,#oscarsentnt,583,#jksimmons,557,#whiplash,480,#academyawards,464,#oscarnatnt,462,#neilpatrickharris,460,#oscarsredcarpet,299,#oscar2015,274,#adamlevine,230,#skycinemaoscar,216
hashtag,2015-02-23T02:04:59.999Z,#oscarsentnt,595,#jksimmons,567,#oscarnatnt,499,#whiplash,485,#academyawards,456,#thegrandbudapesthotel,330,#neilpatrickharris,321,#grandbudapesthotel,295,#oscar2015,266,#oscarsredcarpet,240
hashtag,2015-02-23T02:09:59.999Z,#oscarsentnt,632,#jksimmons,577,#oscarnatnt,492,#whiplash,490,#academyawards,425,#thegrandbudapesthotel,379,#grandbudapesthotel,344,#oscar2015,270,#adamlevine,245,#oscarsredcarpet,231
hashtag,2015-02-23T02:14:59.999Z,#oscarsentnt,712,#oscarnatnt,486,#academyawards,414,#thegrandbudapesthotel,392,#ida,370,#grandbudapesthotel,361,#jksimmons,295,#oscar2015,263,#adamlevine,248,#oscarsredcarpet,225
hashtag,2015-02-23T02:19:59.999Z,#oscarsentnt,712,#oscarnatnt,512,#ida,461,#academyawards,423,#thegrandbudapesthotel,384,#everythingisawesome,341,#grandbudapesthotel,335,#oscar2015,281,#adamlevine,247,#oscar,224
hashtag,2015-02-23T02:24:59.999Z,#everythingisawesome,882,#oscarsentnt,689,#ida,496,#oscarnatnt,481,#academyawards,425,#thegrandbudapesthotel,385,#grandbudapesthotel,333,#oscar2015,278,#legomovie,262,#oscar,244
hashtag,2015-02-23T02:29:59.999Z,#everythingisawesome,978,#oscarsentnt,668,#ida,515,#oscarnatnt,473,#academyawards,430,#thegrandbudapesthotel,304,#legomovie,287,#oscar2015,286,#grandbudapesthotel,273,#oscar,269
hashtag,2015-02-23T02:34:59.999Z,#everythingisawesome,1013,#oscarsentnt,655,#ida,523,#academyawards,435,#oscarnatnt,422,#legomovie,294,#oscar2015,287,#oscar,254,#relatossalvajes,207,#oscarsredcarpet,186
hashtag,2015-02-23T02:39:59.999Z,#everythingisawesome,1032,#oscarsentnt,599,#ida,528,#academyawards,449,#oscarnatnt,412,#legomovie,291,#oscar2015,277,#oscar,258,#relatossalvajes,205,#lego,166
hashtag,2015-02-23T02:44:59.999Z,#everythingisawesome,1052,#oscarsentnt,512,#academyawards,448,#oscarnatnt,393,#legomovie,296,#oscar2015,266,#oscar,246,#neilpatrickharris,226,#birdman,219,#timmcgraw,203
hashtag,2015-02-23T02:49:59.999Z,#everythingisawesome,742,#oscarsentnt,501,#academyawards,453,#oscarnatnt,379,#neilpatrickharris,318,#whiplash,305,#oscar2015,251,#oscar,244,#nph,213,#timmcgraw,207
hashtag,2015-02-23T02:54:59.999Z,#oscarsentnt,510,#academyawards,485,#oscarnatnt,413,#whiplash,340,#neilpatrickharris,331,#americansniper,281,#oscar2015,266,#oscar,264,#birdman,236,#nph,219
hashtag,2015-02-23T02:59:59.999Z,#oscarsentnt,501,#patriciaarquette,482,#academyawards,477,#boyhood,407,#oscarnatnt,404,#whiplash,337,#neilpatrickharris,320,#americansniper,295,#oscar,261,#oscar2015,256
hashtag,2015-02-23T03:04:59.999Z,#patriciaarquette,577,#oscarsentnt,506,#boyhood,449,#academyawards,443,#oscarnatnt,417,#whiplash,343,#americansniper,299,#neilpatrickharris,289,#birdman,260,#oscar,251
hashtag,2015-02-23T03:09:59.999Z,#patriciaarquette,607,#oscarsentnt,535,#academyawards,455,#boyhood,454,#oscarnatnt,420,#whiplash,343,#interstellar,313,#americansniper,296,#neilpatrickharris,272,#birdman,257
hashtag,2015-02-23T03:14:59.999Z,#patriciaarquette,618,#oscarsentnt,551,#bighero6,463,#academyawards,460,#boyhood,457,#oscarnatnt,427,#interstellar,333,#whiplash,323,#americansniper,298,#oscar,279
hashtag,2015-02-23T03:19:59.999Z,#patriciaarquette,653,#bighero6,626,#oscarsentnt,537,#boyhood,469,#academyawards,440,#oscarnatnt,404,#interstellar,329,#feast,307,#oscar,274,#oscar2015,270
hashtag,2015-02-23T03:24:59.999Z,#bighero6,677,#patriciaarquette,609,#oscarsentnt,505,#academyawards,420,#oscarnatnt,361,#boyhood,361,#interstellar,327,#feast,319,#oscar,250,#oscar2015,247
hashtag,2015-02-23T03:29:59.999Z,#bighero6,698,#oscarsentnt,503,#birdman,436,#academyawards,417,#oscarnatnt,342,#interstellar,335,#feast,321,#oscar2015,247,#oscar,240,#thegrandbudapesthotel,232
hashtag,2015-02-23T03:34:59.999Z,#bighero6,718,#birdman,528,#oscarsentnt,500,#academyawards,432,#oscarnatnt,341,#feast,329,#interstellar,284,#oscar,244,#oscar2015,244,#thegrandbudapesthotel,240
hashtag,2015-02-23T03:39:59.999Z,#bighero6,717,#birdman,550,#oscarsentnt,493,#inmemoriam,462,#academyawards,403,#oscarnatnt,336,#thegrandbudapesthotel,243,#oscar2015,235,#oscar,233,#merylstreep,203
hashtag,2015-02-23T03:44:59.999Z,#inmemoriam,571,#birdman,557,#oscarsentnt,471,#academyawards,385,#oscarnatnt,317,#bighero6,282,#thegrandbudapesthotel,251,#oscar2015,222,#merylstreep,216,#oscar,209
hashtag,2015-02-23T03:49:59.999Z,#inmemoriam,609,#birdman,568,#oscarsentnt,455,#academyawards,398,#whiplash,398,#oscarnatnt,323,#thegrandbudapesthotel,265,#oscar2015,224,#merylstreep,214,#oscar,207
hashtag,2015-02-23T03:54:59.999Z,#inmemoriam,629,#birdman,569,#whiplash,449,#oscarsentnt,439,#academyawards,405,#oscarnatnt,326,#citizenfour,301,#oscar2015,230,#merylstreep,213,#oscar,206
hashtag,2015-02-23T03:59:59.999Z,#inmemoriam,660,#whiplash,487,#citizenfour,422,#academyawards,410,#oscarsentnt,405,#oscarnatnt,325,#oscar2015,235,#merylstreep,225,#birdman,197,#jenniferhudson,194
hashtag,2015-02-23T04:04:59.999Z,#glory,1113,#selma,507,#whiplash,500,#inmemoriam,460,#citizenfour,451,#academyawards,417,#oscarsentnt,379,#oscarnatnt,313,#oscar2015,233,#johnlegend,225
hashtag,2015-02-23T04:09:59.999Z,#glory,1910,#selma,886,#whiplash,500,#citizenfour,459,#academyawards,440,#oscarsentnt,370,#johnlegend,364,#oscarnatnt,318,#common,279,#oscar2015,231
hashtag,2015-02-23T04:14:59.999Z,#glory,2306,#selma,1105,#citizenfour,466,#johnlegend,465,#academyawards,430,#whiplash,429,#common,377,#oscarsentnt,353,#oscarnatnt,311,#selmamovie,273
hashtag,2015-02-23T04:19:59.999Z,#glory,2397,#selma,1128,#johnlegend,492,#citizenfour,468,#academyawards,437,#soundofmusic,405,#ladygaga,404,#common,399,#oscarsentnt,387,#oscarnatnt,339
hashtag,2015-02-23T04:24:59.999Z,#glory,2425,#selma,1126,#ladygaga,697,#soundofmusic,669,#johnlegend,505,#academyawards,427,#common,409,#oscarsentnt,389,#ladygagaoscars2015,361,#julieandrews,333
hashtag,2015-02-23T04:29:59.999Z,#glory,2295,#selma,1070,#ladygaga,830,#soundofmusic,781,#johnlegend,487,#julieandrews,449,#academyawards,415,#ladygagaoscars2015,410,#common,405,#oscarsentnt,404
hashtag,2015-02-23T04:34:59.999Z,#glory,1391,#ladygaga,909,#soundofmusic,825,#selma,730,#julieandrews,508,#birdman,492,#oscarsentnt,444,#ladygagaoscars2015,433,#academyawards,407,#thesoundofmusic,384
hashtag,2015-02-23T04:39:59.999Z,#ladygaga,926,#soundofmusic,844,#glory,612,#birdman,573,#julieandrews,522,#ladygagaoscars2015,448,#oscarsentnt,414,#academyawards,395,#thesoundofmusic,392,#selma,368
hashtag,2015-02-23T04:44:59.999Z,#ladygaga,934,#birdman,851,#soundofmusic,838,#julieandrews,536,#ladygagaoscars2015,447,#oscarsentnt,431,#academyawards,390,#thesoundofmusic,376,#theimitationgame,328,#oscarnatnt,299
hashtag,2015-02-23T04:49:59.999Z,#birdman,1177,#ladygaga,606,#julieandrews,515,#soundofmusic,479,#oscarsentnt,411,#academyawards,375,#theimitationgame,347,#ladygagaoscars2015,292,#oscarnatnt,264,#stayweird,245
hashtag,2015-02-23T04:54:59.999Z,#birdman,1259,#oscarsentnt,457,#eddieredmayne,448,#academyawards,380,#theimitationgame,356,#ladygaga,316,#bestactor,261,#oscarnatnt,256,#stayweird,251,#oscar,222
hashtag,2015-02-23T04:59:59.999Z,#birdman,1294,#eddieredmayne,582,#oscarsentnt,467,#academyawards,394,#theimitationgame,350,#bestactor,321,#oscarnatnt,281,#juliannemoore,269,#oscar,264,#stayweird,256
hashtag,2015-02-23T05:04:59.999Z,#birdman,945,#eddieredmayne,636,#oscarsentnt,422,#juliannemoore,419,#academyawards,403,#theimitationgame,350,#stillalice,347,#bestactor,342,#oscarnatnt,279,#thetheoryofeverything,277
hashtag,2015-02-23T05:09:59.999Z,#birdman,1841,#eddieredmayne,657,#oscarsentnt,448,#academyawards,428,#juliannemoore,424,#stillalice,354,#bestactor,348,#bestpicture,294,#thetheoryofeverything,284,#oscarnatnt,282
hashtag,2015-02-23T05:14:59.999Z,#birdman,2009,#eddieredmayne,685,#academyawards,440,#juliannemoore,438,#oscarsentnt,408,#stillalice,362,#bestactor,361,#bestpicture,354,#thetheoryofeverything,290,#oscarnatnt,273
hashtag,2015-02-23T05:19:59.999Z,#birdman,2003,#eddieredmayne,718,#juliannemoore,457,#academyawards,435,#bestpicture,375,#stillalice,369,#oscarsentnt,357,#bestactor,323,#thetheoryofeverything,296,#birdmanmovie,264
hashtag,2015-02-23T05:24:59.999Z,#birdman,2170,#juliannemoore,468,#academyawards,421,#bestpicture,405,#stillalice,375,#eddieredmayne,326,#birdmanmovie,285,#oscarsentnt,266,#alejandrogonzalezinarritu,265,#boyhood,256
hashtag,2015-02-23T05:29:59.999Z,#birdman,2341,#bestpicture,430,#academyawards,392,#birdmanmovie,305,#alejandrogonzalezinarritu,291,#boyhood,282,#eddieredmayne,232,#juliannemoore,231,#americansniper,220,#oscarsentnt,201
hashtag,2015-02-23T05:34:59.999Z,#birdman,2400,#bestpicture,394,#academyawards,347,#birdmanmovie,314,#alejandrogonzalezinarritu,314,#boyhood,287,#americansniper,237,#eddieredmayne,214,#inarritu,204,#seanpenn,176
hashtag,2015-02-23T05:39:59.999Z,#birdman,1607,#academyawards,302,#alejandrogonzalezinarritu,261,#eddieredmayne,229,#boyhood,222,#americansniper,208,#birdmanmovie,204,#bestpicture,193,#inarritu,181,#seanpenn,157
hashtag,2015-02-23T05:44:59.999Z,#birdman,1298,#academyawards,285,#eddieredmayne,249,#boyhood,206,#alejandrogonzalezinarritu,201,#americansniper,200,#glory,160,#inarritu,160,#birdmanmovie,156,#oscar,151
hashtag,2015-02-23T05:49:59.999Z,#birdman,1136,#academyawards,270,#eddieredmayne,235,#americansniper,195,#boyhood,185,#alejandrogonzalezinarritu,167,#glory,159,#oscar,143,#ladygaga,143,#seanpenn,134
hashtag,2015-02-23T05:54:59.999Z,#birdman,1015,#academyawards,252,#eddieredmayne,230,#americansniper,196,#boyhood,161,#glory,160,#ladygaga,155,#selma,141,#oscar,138,#alejandrogonzalezinarritu,136
hashtag,2015-02-23T05:59:59.999Z,#birdman,944,#academyawards,253,#eddieredmayne,226,#americansniper,186,#ladygaga,165,#selma,144,#boyhood,142,#glory,142,#oscar,141,#alejandrogonzalezinarritu,127
hashtag,2015-02-23T06:04:59.999Z,#birdman,763,#academyawards,218,#eddieredmayne,188,#americansniper,155,#ladygaga,144,#selma,125,#oscar,121,#glory,117,#boyhood,116,#oscarsredcarpet,102
hashtag,2015-02-23T06:09:59.999Z,#birdman,576,#academyawards,174,#eddieredmayne,151,#americansniper,123,#ladygaga,114,#oscar,101,#selma,92,#boyhood,90,#glory,85,#oscarsredcarpet,83
hashtag,2015-02-23T06:14:59.999Z,#birdman,433,#academyawards,129,#eddieredmayne,103,#ladygaga,86,#americansniper,85,#selma,70,#oscar,68,#oscarsredcarpet,67,#chivolubezki,64,#now,62
hashtag,2015-02-23T06:19:59.999Z,#birdman,273,#academyawards,87,#eddieredmayne,74,#ladygaga,62,#chivolubezki,59,#negroinarritu,58,#ganadores,56,#americansniper,53,#oscarsredcarpet,48,#oscar,46
hashtag,2015-02-23T06:24:59.999Z,#birdman,140,#academyawards,42,#eddieredmayne,38,#ladygaga,33,#alejandrogonzalezinarritu,25,#soundofmusic,24,#оскар2015,23,#oscarsredcarpet,22,#now,22,#1stannivcjr,21
mention,2015-02-22T22:54:59.999Z,@annakendrick47,118,@theacademy,49,@eonline,42,@actuallynph,37,@kellyosbourne,34,@pattyarquette,31,@giulianarancic,31,@thakoonny,30,@awardsoscars,22,@theellenshow,19
mention,2015-02-22T22:59:59.999Z,@annakendrick47,242,@theacademy,112,@thakoonny,74,@actuallynph,68,@eonline,63,@giulianarancic,57,@kellyosbourne,56,@hereisgina,55,@pattyarquette,48,@awardsoscars,45
mention,2015-02-22T23:04:59.999Z,@annakendrick47,364,@theacademy,193,@eonline,114,@thakoonny,108,@actuallynph,101,@hereisgina,88,@giulianarancic,74,@kellyosbourne,72,@pattyarquette,65,@awardsoscars,63
mention,2015-02-22T23:09:59.999Z,@annakendrick47,544,@theacademy,255,@eonline,144,@thakoonny,135,@actuallynph,132,@hereisgina,123,@giulianarancic,89,@kellyosbourne,89,@awardsoscars,87,@enews,81
mention,2015-02-22T23:14:59.999Z,@annakendrick47,708,@theacademy,313,@actuallynph,184,@eonline,180,@thakoonny,170,@hereisgina,154,@common,138,@giulianarancic,122,@awardsoscars,119,@jamiechung1,117
mention,2015-02-22T23:19:59.999Z,@annakendrick47,796,@theacademy,368,@actuallynph,325,@eonline,225,@thakoonny,183,@hereisgina,168,@common,156,@awardsoscars,147,@giulianarancic,138,@kellyosbourne,136
mention,2015-02-22T23:24:59.999Z,@annakendrick47,766,@actuallynph,378,@theacademy,373,@eonline,222,@common,177,@thakoonny,169,@awardsoscars,163,@hereisgina,157,@jamiechung1,137,@giulianarancic,135
mention,2015-02-22T23:29:59.999Z,@annakendrick47,692,@actuallynph,417,@theacademy,383,@eonline,245,@common,197,@awardsoscars,183,@faithhill,158,@jamiechung1,148,@thakoonny,139,@kellyosbourne,134
mention,2015-02-22T23:34:59.999Z,@annakendrick47,604,@actuallynph,452,@theacademy,368,@eonline,234,@common,218,@awardsoscars,194,@faithhill,191,@margotrobbie,154,@jamiechung1,148,@ladygaga,148
mention,2015-02-22T23:39:59.999Z,@actuallynph,515,@annakendrick47,460,@theacademy,398,@margotrobbie,304,@eonline,248,@awardsoscars,210,@faithhill,210,@common,195,@ladygaga,160,@canadianliving,143
mention,2015-02-22T23:44:59.999Z,@actuallynph,511,@margotrobbie,407,@theacademy,397,@annakendrick47,325,@eonline,257,@faithhill,223,@awardsoscars,207,@ladygaga,163,@canadianliving,160,@kellyosbourne,136
mention,2015-02-22T23:49:59.999Z,@margotrobbie,468,@actuallynph,401,@theacademy,394,@annakendrick47,253,@eonline,234,@faithhill,221,@awardsoscars,215,@ysl,211,@ladygaga,141,@canadianliving,137
mention,2015-02-22T23:54:59.999Z,@margotrobbie,464,@theacademy,391,@actuallynph,362,@ysl,234,@eonline,223,@faithhill,211,@awardsoscars,204,@adamlevine,188,@annakendrick47,183,@cinemacanalplus,171
mention,2015-02-22T23:59:59.999Z,@margotrobbie,456,@theacademy,376,@adamlevine,340,@actuallynph,324,@ysl,257,@eonline,224,@awardsoscars,207,@cinemacanalplus,198,@beeprinsloo,163,@annakendrick47,150
mention,2015-02-23T00:04:59.999Z,@adamlevine,388,@margotrobbie,387,@theacademy,367,@actuallynph,291,@ysl,277,@eonline,234,@cinemacanalplus,233,@awardsoscars,233,@beeprinsloo,195,@annakendrick47,157
mention,2015-02-23T00:09:59.999Z,@adamlevine,406,@theacademy,325,@margotrobbie,255,@ysl,250,@awardsoscars,238,@actuallynph,228,@cinemacanalplus,227,@eonline,217,@beeprinsloo,215,@lupita_nyongo,208
mention,2015-02-23T00:14:59.999Z,@adamlevine,381,@lupita_nyongo,334,@theacademy,310,@awardsoscars,255,@cinemacanalplus,226,@beeprinsloo,221,@actuallynph,211,@eonline,209,@chrissyteigen,190,@margotrobbie,163
mention,2015-02-23T00:19:59.999Z,@lupita_nyongo,409,@adamlevine,328,@theacademy,296,@awardsoscars,254,@actuallynph,252,@eonline,234,@cinemacanalplus,223,@chrissyteigen,210,@annakendrick47,195,@beeprinsloo,186
mention,2015-02-23T00:24:59.999Z,@lupita_nyongo,466,@theacademy,325,@adamlevine,319,@awardsoscars,247,@eonline,245,@actuallynph,241,@annakendrick47,230,@chrissyteigen,223,@cinemacanalplus,211,@zoesaldana,200
mention,2015-02-23T00:29:59.999Z,@lupita_nyongo,439,@theacademy,333,@chrissyteigen,240,@actuallynph,238,@annakendrick47,236,@eonline,228,@awardsoscars,219,@zoesaldana,213,@cinemacanalplus,206,@adamlevine,205
mention,2015-02-23T00:34:59.999Z,@lupita_nyongo,458,@theacademy,329,@_juliannemoore,230,@zoesaldana,230,@actuallynph,223,@calvinklein,216,@annakendrick47,211,@eonline,207,@cinemacanalplus,193,@awardsoscars,178
mention,2015-02-23T00:39:59.999Z,@lupita_nyongo,379,@theacademy,312,@_juliannemoore,269,@calvinklein,215,@cinemacanalplus,211,@actuallynph,209,@annakendrick47,199,@eonline,191,@chanel,176,@kerrywashington,176
mention,2015-02-23T00:44:59.999Z,@theacademy,323,@lupita_nyongo,287,@_juliannemoore,281,@actuallynph,209,@cinemacanalplus,207,@kerrywashington,202,@annakendrick47,191,@chanel,183,@eonline,179,@calvinklein,158
mention,2015-02-23T00:49:59.999Z,@theacademy,336,@lupita_nyongo,281,@_juliannemoore,233,@kerrywashington,206,@cinemacanalplus,192,@actuallynph,165,@eonline,151,@adamlevine,149,@chanel,136,@ritaora,133
mention,2015-02-23T00:54:59.999Z,@theacademy,326,@lupita_nyongo,265,@_juliannemoore,205,@cinemacanalplus,181,@rwitherspoon,170,@actuallynph,164,@ritaora,152,@chrissyteigen,140,@eonline,137,@kerrywashington,135
mention,2015-02-23T00:59:59.999Z,@jlo,376,@rwitherspoon,348,@theacademy,311,@lupita_nyongo,280,@_juliannemoore,185,@cinemacanalplus,185,@actuallynph,158,@ritaora,136,@prattprattpratt,135,@chrissyteigen,134
mention,2015-02-23T01:04:59.999Z,@jlo,530,@rwitherspoon,386,@theacademy,297,@lupita_nyongo,264,@cinemacanalplus,177,@actuallynph,156,@prattprattpratt,140,@chrissyteigen,129,@robinroberts,122,@_juliannemoore,121
mention,2015-02-23T01:09:59.999Z,@jlo,615,@rwitherspoon,409,@theacademy,314,@lupita_nyongo,241,@actuallynph,163,@cinemacanalplus,157,@prattprattpratt,142,@chrissyteigen,127,@eonline,126,@robinroberts,125
mention,2015-02-23T01:14:59.999Z,@jlo,676,@rwitherspoon,424,@theacademy,290,@lupita_nyongo,220,@actuallynph,166,@cinemacanalplus,153,@eonline,113,@eliesaabworld,110,@robinroberts,109,@chrissyteigen,107
mention,2015-02-23T01:19:59.999Z,@jlo,729,@rwitherspoon,419,@theacademy,285,@ladygaga,236,@actuallynph,162,@lupita_nyongo,159,@kerrywashington,137,@eliesaabworld,135,@cinemacanalplus,134,@jaredleto,111
mention,2015-02-23T01:24:59.999Z,@jlo,772,@ladygaga,481,@rwitherspoon,323,@theacademy,270,@kerrywashington,169,@actuallynph,166,@eliesaabworld,149,@lupita_nyongo,128,@cinemacanalplus,122,@jaredleto,117
mention,2015-02-23T01:29:59.999Z,@ladygaga,544,@jlo,462,@theacademy,293,@actuallynph,239,@kerrywashington,176,@rwitherspoon,146,@eliesaabworld,146,@jaredleto,125,@shespeaksup,123,@robinroberts,109
mention,2015-02-23T01:34:59.999Z,@actuallynph,866,@ladygaga,559,@jlo,322,@theacademy,320,@kerrywashington,171,@annakendrick47,167,@eliesaabworld,136,@shespeaksup,126,@jaredleto,115,@rwitherspoon,106
mention,2015-02-23T01:39:59.999Z,@actuallynph,1640,@ladygaga,558,@annakendrick47,406,@theacademy,318,@jlo,247,@kerrywashington,168,@shespeaksup,119,@eliesaabworld,116,@jaredleto,108,@lupita_nyongo,95
mention,2015-02-23T01:44:59.999Z,@actuallynph,1813,@ladygaga,536,@annakendrick47,448,@theacademy,344,@jlo,182,@kerrywashington,160,@lupita_nyongo,153,@shespeaksup,102,@oprah,95,@chrisevans,92
mention,2015-02-23T01:49:59.999Z,@actuallynph,2021,@annakendrick47,456,@ladygaga,397,@theacademy,341,@lupita_nyongo,161,@jlo,134,@prosieben,128,@shespeaksup,110,@chrisevans,93,@oprah,89
mention,2015-02-23T01:54:59.999Z,@actuallynph,2060,@annakendrick47,475,@adamlevine,464,@theacademy,330,@lupita_nyongo,160,@ladygaga,158,@maroon5,137,@prosieben,137,@shespeaksup,87,@jlo,82
mention,2015-02-23T01:59:59.999Z,@actuallynph,2069,@adamlevine,563,@annakendrick47,509,@theacademy,303,@jlo,206,@maroon5,178,@lupita_nyongo,152,@prosieben,140,@ladygaga,94,@shespeaksup,81
mention,2015-02-23T02:04:59.999Z,@actuallynph,1533,@adamlevine,591,@annakendrick47,387,@theacademy,288,@jlo,260,@maroon5,187,@lupita_nyongo,149,@prosieben,141,@rwitherspoon,127,@channingtatum,96
mention,2015-02-23T02:09:59.999Z,@actuallynph,873,@adamlevine,618,@jlo,310,@theacademy,274,@maroon5,194,@channingtatum,183,@annakendrick47,160,@rwitherspoon,140,@prosieben,133,@lupita_nyongo,120
mention,2015-02-23T02:14:59.999Z,@actuallynph,714,@adamlevine,625,@jlo,323,@theacademy,276,@maroon5,198,@channingtatum,190,@rwitherspoon,140,@annakendrick47,126,@ladygaga,81,@tntla,75
mention,2015-02-23T02:19:59.999Z,@adamlevine,629,@actuallynph,576,@jlo,343,@theacademy,287,@maroon5,199,@channingtatum,192,@rwitherspoon,139,@annakendrick47,123,@teganandsara,109,@ladygaga,81
mention,2015-02-23T02:24:59.999Z,@actuallynph,543,@jlo,352,@theacademy,293,@teganandsara,246,@channingtatum,201,@adamlevine,184,@thelonelyisland,154,@rwitherspoon,137,@annakendrick47,97,@questlove,79
mention,2015-02-23T02:29:59.999Z,@actuallynph,486,@theacademy,292,@teganandsara,271,@jlo,221,@channingtatum,206,@thelonelyisland,167,@rwitherspoon,133,@kerrywashington,95,@questlove,86,@adamlevine,85
mention,2015-02-23T02:34:59.999Z,@actuallynph,541,@theacademy,287,@teganandsara,285,@thelonelyisland,175,@jlo,159,@violadavis,158,@channingtatum,124,@kerrywashington,114,@questlove,90,@ladygaga,77
mention,2015-02-23T02:39:59.999Z,@actuallynph,521,@theacademy,294,@teganandsara,285,@thelonelyisland,177,@violadavis,172,@thetimmcgraw,139,@kerrywashington,113,@jlo,108,@oprah,96,@theellenshow,95
mention,2015-02-23T02:44:59.999Z,@actuallynph,892,@teganandsara,288,@theacademy,279,@thetimmcgraw,246,@violadavis,182,@thelonelyisland,180,@theellenshow,132,@kerrywashington,115,@oprah,108,@jlo,102
mention,2015-02-23T02:49:59.999Z,@actuallynph,1083,@theacademy,280,@thetimmcgraw,268,@teganandsara,201,@violadavis,186,@theellenshow,141,@thelonelyisland,133,@kerrywashington,117,@oprah,102,@jlo,86
mention,2015-02-23T02:54:59.999Z,@actuallynph,1131,@theacademy,276,@thetimmcgraw,274,@jaredleto,242,@violadavis,187,@theellenshow,145,@kerrywashington,118,@chrisevans,81,@oprah,80,@jlo,79
mention,2015-02-23T02:59:59.999Z,@actuallynph,1107,@pattyarquette,412,@thetimmcgraw,280,@jaredleto,279,@theacademy,277,@violadavis,187,@theellenshow,133,@chrisevans,83,@jlo,79,@miles_teller,72
mention,2015-02-23T03:04:59.999Z,@actuallynph,988,@pattyarquette,574,@jaredleto,303,@thetimmcgraw,282,@theacademy,269,@ritaora,152,@theellenshow,123,@chrisevans,85,@jlo,85,@miles_teller,73
mention,2015-02-23T03:09:59.999Z,@actuallynph,904,@pattyarquette,629,@jaredleto,319,@theacademy,270,@ritaora,171,@annakendrick47,162,@thetimmcgraw,155,@anselelgort,109,@kevinhart4real,105,@theellenshow,96
mention,2015-02-23T03:14:59.999Z,@pattyarquette,653,@actuallynph,532,@jaredleto,327,@theacademy,271,@annakendrick47,182,@ritaora,180,@anselelgort,115,@kevinhart4real,109,@therock,105,@chloegmoretz,104
mention,2015-02-23T03:19:59.999Z,@pattyarquette,702,@jaredleto,340,@actuallynph,297,@theacademy,263,@annakendrick47,190,@ritaora,190,@therock,128,@zoesaldana,118,@anselelgort,112,@kevinhart4real,112
mention,2015-02-23T03:24:59.999Z,@pattyarquette,687,@theacademy,291,@actuallynph,252,@annakendrick47,197,@ritaora,196,@therock,132,@zoesaldana,122,@jaredleto,121,@anselelgort,115,@kevinhart4real,114
mention,2015-02-23T03:29:59.999Z,@pattyarquette,342,@theacademy,285,@actuallynph,271,@annakendrick47,201,@ritaora,199,@therock,133,@zoesaldana,127,@anselelgort,117,@kevinhart4real,116,@chloegmoretz,114
mention,2015-02-23T03:34:59.999Z,@theacademy,284,@actuallynph,257,@annakendrick47,205,@pattyarquette,204,@therock,135,@zoesaldana,128,@kevinhart4real,115,@prattprattpratt,104,@idriselba,102,@nypost,102
mention,2015-02-23T03:39:59.999Z,@theacademy,298,@actuallynph,241,@pattyarquette,170,@therock,127,@zoesaldana,123,@iamjhud,115,@prattprattpratt,104,@idriselba,103,@ladygaga,88,@nypost,85
mention,2015-02-23T03:44:59.999Z,@theacademy,331,@iamjhud,253,@actuallynph,210,@pattyarquette,153,@idriselba,105,@prattprattpratt,103,@ladygaga,84,@nypost,70,@theellenshow,65,@jlo,49
mention,2015-02-23T03:49:59.999Z,@theacademy,340,@iamjhud,284,@actuallynph,184,@pattyarquette,120,@idriselba,106,@prattprattpratt,102,@joan_rivers,70,@ladygaga,66,@todayshow,61,@jlo,54
mention,2015-02-23T03:54:59.999Z,@theacademy,317,@iamjhud,291,@actuallynph,217,@pattyarquette,95,@idriselba,83,@joan_rivers,77,@ladygaga,74,@todayshow,68,@jlo,58,@katiecouric,55
mention,2015-02-23T03:59:59.999Z,@theacademy,332,@iamjhud,297,@actuallynph,282,@johnlegend,116,@ladygaga,93,@common,93,@joan_rivers,86,@pattyarquette,85,@todayshow,78,@jlo,66
mention,2015-02-23T04:04:59.999Z,@johnlegend,656,@common,502,@theacademy,341,@iamjhud,299,@actuallynph,295,@joan_rivers,89,@ladygaga,85,@todayshow,75,@jlo,71,@pattyarquette,68
mention,2015-02-23T04:09:59.999Z,@johnlegend,1133,@common,928,@theacademy,330,@actuallynph,305,@iamjhud,188,@ladygaga,94,@idinamenzel,89,@joan_rivers,73,@jlo,69,@todayshow,67
mention,2015-02-23T04:14:59.999Z,@johnlegend,1546,@common,1297,@actuallynph,307,@theacademy,295,@ladygaga,128,@idinamenzel,108,@selmamovie,85,@jlo,64,@oprah,62,@ew,59
mention,2015-02-23T04:19:59.999Z,@johnlegend,1657,@common,1395,@ladygaga,1092,@actuallynph,294,@theacademy,282,@idinamenzel,111,@selmamovie,87,@theellenshow,61,@citizenfour,58,@oprah,55
mention,2015-02-23T04:24:59.999Z,@ladygaga,1987,@johnlegend,1683,@common,1416,@theacademy,273,@actuallynph,218,@idinamenzel,112,@selmamovie,86,@ew,56,@pattyarquette,51,@theellenshow,50
mention,2015-02-23T04:29:59.999Z,@ladygaga,2435,@johnlegend,1639,@common,1385,@theacademy,253,@actuallynph,124,@idinamenzel,116,@selmamovie,82,@ew,63,@jlo,58,@eonline,48
mention,2015-02-23T04:34:59.999Z,@ladygaga,2642,@johnlegend,1129,@common,1004,@theacademy,249,@idinamenzel,113,@actuallynph,94,@oprah,87,@selmamovie,64,@jlo,60,@ew,58
mention,2015-02-23T04:39:59.999Z,@ladygaga,2703,@johnlegend,669,@common,598,@theacademy,246,@oprah,157,@actuallynph,74,@jlo,59,@mrgrahammoore,58,@ew,53,@michaelkeaton,50
mention,2015-02-23T04:44:59.999Z,@ladygaga,2729,@johnlegend,273,@common,251,@theacademy,232,@mrgrahammoore,180,@oprah,157,@actuallynph,83,@jlo,57,@ew,52,@michaelkeaton,51
mention,2015-02-23T04:49:59.999Z,@ladygaga,1816,@theacademy,244,@mrgrahammoore,234,@johnlegend,178,@common,173,@oprah,161,@actuallynph,88,@jlo,62,@michaelkeaton,57,@ew,55
mention,2015-02-23T04:54:59.999Z,@ladygaga,941,@mrgrahammoore,248,@theacademy,236,@oprah,162,@johnlegend,159,@common,153,@actuallynph,83,@michaelkeaton,81,@jlo,59,@ew,56
mention,2015-02-23T04:59:59.999Z,@ladygaga,488,@mrgrahammoore,254,@theacademy,249,@_juliannemoore,197,@oprah,160,@common,116,@johnlegend,115,@michaelkeaton,92,@actuallynph,74,@ew,55
mention,2015-02-23T05:04:59.999Z,@_juliannemoore,342,@ladygaga,317,@mrgrahammoore,266,@theacademy,260,@actuallynph,184,@oprah,107,@common,97,@johnlegend,96,@ew,64,@michaelkeaton,60
mention,2015-02-23T05:09:59.999Z,@_juliannemoore,366,@theacademy,273,@ladygaga,263,@actuallynph,215,@mrgrahammoore,211,@common,83,@johnlegend,83,@michaelkeaton,73,@ew,57,@mcconaughey,57
mention,2015-02-23T05:14:59.999Z,@_juliannemoore,382,@theacademy,284,@actuallynph,264,@ladygaga,230,@mrgrahammoore,100,@michaelkeaton,84,@johnlegend,79,@common,77,@mcconaughey,57,@ew,52
mention,2015-02-23T05:19:59.999Z,@_juliannemoore,404,@actuallynph,287,@theacademy,264,@ladygaga,225,@michaelkeaton,101,@johnlegend,84,@common,81,@epn,65,@mrgrahammoore,60,@mcconaughey,56
mention,2015-02-23T05:24:59.999Z,@_juliannemoore,415,@actuallynph,307,@theacademy,265,@ladygaga,244,@common,91,@epn,89,@johnlegend,88,@michaelkeaton,83,@mrgrahammoore,55,@ew,43
mention,2015-02-23T05:29:59.999Z,@actuallynph,327,@ladygaga,285,@theacademy,255,@_juliannemoore,253,@epn,109,@johnlegend,98,@common,96,@michaelkeaton,81,@mrgrahammoore,66,@pattyarquette,47
mention,2015-02-23T05:34:59.999Z,@ladygaga,305,@theacademy,236,@actuallynph,229,@epn,130,@_juliannemoore,123,@johnlegend,108,@common,107,@michaelkeaton,87,@mrgrahammoore,67,@pattyarquette,49
mention,2015-02-23T05:39:59.999Z,@ladygaga,348,@actuallynph,222,@theacademy,218,@johnlegend,138,@common,138,@epn,132,@_juliannemoore,118,@mrgrahammoore,72,@michaelkeaton,66,@pattyarquette,55
mention,2015-02-23T05:44:59.999Z,@ladygaga,371,@theacademy,211,@actuallynph,169,@johnlegend,143,@common,143,@_juliannemoore,119,@epn,118,@mrgrahammoore,71,@pattyarquette,58,@michaelkeaton,58
mention,2015-02-23T05:49:59.999Z,@ladygaga,385,@theacademy,216,@actuallynph,160,@johnlegend,152,@common,149,@_juliannemoore,115,@epn,105,@pattyarquette,69,@mrgrahammoore,68,@chloegmoretz,53
mention,2015-02-23T05:54:59.999Z,@ladygaga,380,@theacademy,216,@johnlegend,162,@actuallynph,158,@common,157,@_juliannemoore,114,@epn,87,@pattyarquette,75,@mrgrahammoore,69,@chloegmoretz,68
mention,2015-02-23T05:59:59.999Z,@ladygaga,379,@theacademy,200,@common,163,@johnlegend,161,@actuallynph,152,@_juliannemoore,110,@chloegmoretz,81,@epn,76,@pattyarquette,71,@jlo,58
mention,2015-02-23T06:04:59.999Z,@ladygaga,318,@theacademy,166,@common,142,@johnlegend,140,@actuallynph,126,@_juliannemoore,95,@chloegmoretz,81,@pattyarquette,64,@epn,55,@jlo,54
mention,2015-02-23T06:09:59.999Z,@ladygaga,253,@theacademy,129,@johnlegend,104,@common,104,@actuallynph,94,@chloegmoretz,76,@_juliannemoore,76,@pattyarquette,51,@epn,43,@jlo,41
mention,2015-02-23T06:14:59.999Z,@ladygaga,192,@theacademy,98,@johnlegend,82,@common,81,@actuallynph,71,@_juliannemoore,56,@chloegmoretz,55,@pattyarquette,38,@jlo,31,@mrgrahammoore,27
mention,2015-02-23T06:19:59.999Z,@ladygaga,124,@theacademy,58,@common,50,@johnlegend,49,@actuallynph,41,@_juliannemoore,37,@chloegmoretz,30,@pattyarquette,25,@jlo,22,@epn,19
mention,2015-02-23T06:24:59.999Z,@ladygaga,66,@common,23,@theacademy,23,@johnlegend,22,@_juliannemoore,20,@actuallynph,19,@chloegmoretz,14,@aifonsocuaron,11,@jlo,9,@epn,9
